<?xml version="1.0" encoding="UTF-8"?>
<Configuration status="warn">
    <Properties>
        <Property name="basePath">../logs</Property>
    </Properties>

    <Appenders>

        <RollingFile name="fileLogger"
                     fileName="${basePath}/dictionary.log"
                     filePattern="${basePath}/dictionary-%d{yyyy-MM-dd}.log">
            <PatternLayout>
                <Pattern>[%-5level] %d{yyyy-MM-dd HH:mm:ss.SSS} [%t] %c{1} - %msg%n
                </Pattern>
            </PatternLayout>
            <Policies>
                <TimeBasedTriggeringPolicy interval="1" modulate="true"/>
                <SizeBasedTriggeringPolicy size="10MB"/>
            </Policies>
            <!-- Max 10 files will be created everyday -->
            <DefaultRolloverStrategy max="10">
                <Delete basePath="${basePath}" maxDepth="1">
                    <!-- Delete all files older than 30 days -->
                    <IfLastModified age="10d"/>
                </Delete>
            </DefaultRolloverStrategy>
        </RollingFile>
    </Appenders>
    <Loggers>
        <Root level="info" additivity="false">
            <appender-ref ref="fileLogger"/>
        </Root>
    </Loggers>
</Configuration>